product_id_sku,product_line_name,brand_name,product_name,product_image_url,barcode_ean_upc,ingredients,price,website_name
6040000000000,Serum,Dream Skin,Dream Skin Cream tube,https://cdn.shopify.com/s/files/1/0530/0512/3742/files/5BC45354-8D57-4FC2-8636-44DBD76D9A47.png?v=1751650841,,"IngredientsAvocado Hair CareJamaican Black Castor Oil Hair CareCoconut Hair CareSulfate Free Hair CareSilicone Free Hair CareHoney Hair CareVegan Hair CareSkin CareSkincare ProductsSkincare ProductsBody LotionBody CreamCleansersFace & Body SerumFace & Body OilKids Skin CareSKincare ConcernsSKincare ConcernsBody BrighteningBody LighteningBody WhiteningAcnes And PronesDark Spots RemoverMoisturizersSkincare IngredientsSkincare IngredientsAHAAloe VeraArgan OilGlycolic AcidHyaluronic AcidLactic AcidHairHuman HairHair ExtensionsClosuresHuman Hair WigsSynthetic HairBraidsCrochets & DreadlocksBulks & WeavesWigsKidsHair CareSkin CareMake UpBest DealsAccessoriesSalon ServicesTrack Your OrderLoginCloseHomeShop AllBrandsHair CareHair CareHair Care ProductsHair Care ProductsShampoo, Cleanser & Co-WashConditionerHair MaskHair Treatment & RelaxersLeave inStyling CreamStyling GelRefresh, Detangling & SprayHair & Scalp ConditionersHair Growth OilsHair Care ConcernsHair Care ConcernsLow Porosity Hair CareMedium Porosity Hair CareHigh Porosity Hair CareDamage RepairFrizzy HairAnti-DandruffIngredientsIngredientsAvocado Hair CareJamaican Black Castor Oil Hair CareCoconut Hair CareSulfate Free Hair CareSilicone Free Hair CareHoney Hair CareVegan Hair CareSkin CareSkin CareSkincare ProductsSkincare ProductsBody LotionBody CreamCleansersFace & Body SerumFace & Body OilKids Skin CareSKincare ConcernsSKincare ConcernsBody BrighteningBody LighteningBody WhiteningAcnes And PronesDark Spots RemoverMoisturizersSkincare IngredientsSkincare IngredientsAHAAloe VeraArgan OilGlycolic AcidHyaluronic AcidLactic AcidHairHairHuman HairHuman HairHair ExtensionsClosuresHuman Hair WigsSynthetic HairSynthetic HairBraidsCrochets & DreadlocksBulks & WeavesWigsKidsKidsHair CareSkin CareMake UpBest DealsAccessoriesSalon ServicesTrack Your Order",BD 3.000,Beto Cosmetics
6224010808669,Fragrance,Melano,Melano Perfume Body Splash Wicked in Secret 250ml,https://cdn.shopify.com/s/files/1/0530/0512/3742/files/MelanoPerfumeBodySplashWickedinSecret250ml.jpg?v=1747128475,,"IngredientsAvocado Hair CareJamaican Black Castor Oil Hair CareCoconut Hair CareSulfate Free Hair CareSilicone Free Hair CareHoney Hair CareVegan Hair CareSkin CareSkincare ProductsSkincare ProductsBody LotionBody CreamCleansersFace & Body SerumFace & Body OilKids Skin CareSKincare ConcernsSKincare ConcernsBody BrighteningBody LighteningBody WhiteningAcnes And PronesDark Spots RemoverMoisturizersSkincare IngredientsSkincare IngredientsAHAAloe VeraArgan OilGlycolic AcidHyaluronic AcidLactic AcidHairHuman HairHair ExtensionsClosuresHuman Hair WigsSynthetic HairBraidsCrochets & DreadlocksBulks & WeavesWigsKidsHair CareSkin CareMake UpBest DealsAccessoriesSalon ServicesTrack Your OrderLoginCloseHomeShop AllBrandsHair CareHair CareHair Care ProductsHair Care ProductsShampoo, Cleanser & Co-WashConditionerHair MaskHair Treatment & RelaxersLeave inStyling CreamStyling GelRefresh, Detangling & SprayHair & Scalp ConditionersHair Growth OilsHair Care ConcernsHair Care ConcernsLow Porosity Hair CareMedium Porosity Hair CareHigh Porosity Hair CareDamage RepairFrizzy HairAnti-DandruffIngredientsIngredientsAvocado Hair CareJamaican Black Castor Oil Hair CareCoconut Hair CareSulfate Free Hair CareSilicone Free Hair CareHoney Hair CareVegan Hair CareSkin CareSkin CareSkincare ProductsSkincare ProductsBody LotionBody CreamCleansersFace & Body SerumFace & Body OilKids Skin CareSKincare ConcernsSKincare ConcernsBody BrighteningBody LighteningBody WhiteningAcnes And PronesDark Spots RemoverMoisturizersSkincare IngredientsSkincare IngredientsAHAAloe VeraArgan OilGlycolic AcidHyaluronic AcidLactic AcidHairHairHuman HairHuman HairHair ExtensionsClosuresHuman Hair WigsSynthetic HairSynthetic HairBraidsCrochets & DreadlocksBulks & WeavesWigsKidsKidsHair CareSkin CareMake UpBest DealsAccessoriesSalon ServicesTrack Your Order",BD 3.500,Beto Cosmetics
6224010808591,Fragrance,Melano,Melano Perfume Body Splash Very sexy Now 250ml,https://cdn.shopify.com/s/files/1/0530/0512/3742/files/MelanoPerfumeBodySplashVerysexyNow250ml.jpg?v=1747128211,,"IngredientsAvocado Hair CareJamaican Black Castor Oil Hair CareCoconut Hair CareSulfate Free Hair CareSilicone Free Hair CareHoney Hair CareVegan Hair CareSkin CareSkincare ProductsSkincare ProductsBody LotionBody CreamCleansersFace & Body SerumFace & Body OilKids Skin CareSKincare ConcernsSKincare ConcernsBody BrighteningBody LighteningBody WhiteningAcnes And PronesDark Spots RemoverMoisturizersSkincare IngredientsSkincare IngredientsAHAAloe VeraArgan OilGlycolic AcidHyaluronic AcidLactic AcidHairHuman HairHair ExtensionsClosuresHuman Hair WigsSynthetic HairBraidsCrochets & DreadlocksBulks & WeavesWigsKidsHair CareSkin CareMake UpBest DealsAccessoriesSalon ServicesTrack Your OrderLoginCloseHomeShop AllBrandsHair CareHair CareHair Care ProductsHair Care ProductsShampoo, Cleanser & Co-WashConditionerHair MaskHair Treatment & RelaxersLeave inStyling CreamStyling GelRefresh, Detangling & SprayHair & Scalp ConditionersHair Growth OilsHair Care ConcernsHair Care ConcernsLow Porosity Hair CareMedium Porosity Hair CareHigh Porosity Hair CareDamage RepairFrizzy HairAnti-DandruffIngredientsIngredientsAvocado Hair CareJamaican Black Castor Oil Hair CareCoconut Hair CareSulfate Free Hair CareSilicone Free Hair CareHoney Hair CareVegan Hair CareSkin CareSkin CareSkincare ProductsSkincare ProductsBody LotionBody CreamCleansersFace & Body SerumFace & Body OilKids Skin CareSKincare ConcernsSKincare ConcernsBody BrighteningBody LighteningBody WhiteningAcnes And PronesDark Spots RemoverMoisturizersSkincare IngredientsSkincare IngredientsAHAAloe VeraArgan OilGlycolic AcidHyaluronic AcidLactic AcidHairHairHuman HairHuman HairHair ExtensionsClosuresHuman Hair WigsSynthetic HairSynthetic HairBraidsCrochets & DreadlocksBulks & WeavesWigsKidsKidsHair CareSkin CareMake UpBest DealsAccessoriesSalon ServicesTrack Your Order",BD 3.500,Beto Cosmetics
6224010808638,Fragrance,Melano,Melano Perfume Body Splash Pink Petal 250ml,https://cdn.shopify.com/s/files/1/0530/0512/3742/files/MelanoPerfumeBodySplashPinkPetal250ml.jpg?v=1747127465,,"IngredientsAvocado Hair CareJamaican Black Castor Oil Hair CareCoconut Hair CareSulfate Free Hair CareSilicone Free Hair CareHoney Hair CareVegan Hair CareSkin CareSkincare ProductsSkincare ProductsBody LotionBody CreamCleansersFace & Body SerumFace & Body OilKids Skin CareSKincare ConcernsSKincare ConcernsBody BrighteningBody LighteningBody WhiteningAcnes And PronesDark Spots RemoverMoisturizersSkincare IngredientsSkincare IngredientsAHAAloe VeraArgan OilGlycolic AcidHyaluronic AcidLactic AcidHairHuman HairHair ExtensionsClosuresHuman Hair WigsSynthetic HairBraidsCrochets & DreadlocksBulks & WeavesWigsKidsHair CareSkin CareMake UpBest DealsAccessoriesSalon ServicesTrack Your OrderLoginCloseHomeShop AllBrandsHair CareHair CareHair Care ProductsHair Care ProductsShampoo, Cleanser & Co-WashConditionerHair MaskHair Treatment & RelaxersLeave inStyling CreamStyling GelRefresh, Detangling & SprayHair & Scalp ConditionersHair Growth OilsHair Care ConcernsHair Care ConcernsLow Porosity Hair CareMedium Porosity Hair CareHigh Porosity Hair CareDamage RepairFrizzy HairAnti-DandruffIngredientsIngredientsAvocado Hair CareJamaican Black Castor Oil Hair CareCoconut Hair CareSulfate Free Hair CareSilicone Free Hair CareHoney Hair CareVegan Hair CareSkin CareSkin CareSkincare ProductsSkincare ProductsBody LotionBody CreamCleansersFace & Body SerumFace & Body OilKids Skin CareSKincare ConcernsSKincare ConcernsBody BrighteningBody LighteningBody WhiteningAcnes And PronesDark Spots RemoverMoisturizersSkincare IngredientsSkincare IngredientsAHAAloe VeraArgan OilGlycolic AcidHyaluronic AcidLactic AcidHairHairHuman HairHuman HairHair ExtensionsClosuresHuman Hair WigsSynthetic HairSynthetic HairBraidsCrochets & DreadlocksBulks & WeavesWigsKidsKidsHair CareSkin CareMake UpBest DealsAccessoriesSalon ServicesTrack Your Order",BD 3.500,Beto Cosmetics
6224010808584,Fragrance,Melano,Melano Perfume Body Splash Greetings 250ml,https://cdn.shopify.com/s/files/1/0530/0512/3742/files/unnamed_6.jpg?v=1747127193,,"IngredientsAvocado Hair CareJamaican Black Castor Oil Hair CareCoconut Hair CareSulfate Free Hair CareSilicone Free Hair CareHoney Hair CareVegan Hair CareSkin CareSkincare ProductsSkincare ProductsBody LotionBody CreamCleansersFace & Body SerumFace & Body OilKids Skin CareSKincare ConcernsSKincare ConcernsBody BrighteningBody LighteningBody WhiteningAcnes And PronesDark Spots RemoverMoisturizersSkincare IngredientsSkincare IngredientsAHAAloe VeraArgan OilGlycolic AcidHyaluronic AcidLactic AcidHairHuman HairHair ExtensionsClosuresHuman Hair WigsSynthetic HairBraidsCrochets & DreadlocksBulks & WeavesWigsKidsHair CareSkin CareMake UpBest DealsAccessoriesSalon ServicesTrack Your OrderLoginCloseHomeShop AllBrandsHair CareHair CareHair Care ProductsHair Care ProductsShampoo, Cleanser & Co-WashConditionerHair MaskHair Treatment & RelaxersLeave inStyling CreamStyling GelRefresh, Detangling & SprayHair & Scalp ConditionersHair Growth OilsHair Care ConcernsHair Care ConcernsLow Porosity Hair CareMedium Porosity Hair CareHigh Porosity Hair CareDamage RepairFrizzy HairAnti-DandruffIngredientsIngredientsAvocado Hair CareJamaican Black Castor Oil Hair CareCoconut Hair CareSulfate Free Hair CareSilicone Free Hair CareHoney Hair CareVegan Hair CareSkin CareSkin CareSkincare ProductsSkincare ProductsBody LotionBody CreamCleansersFace & Body SerumFace & Body OilKids Skin CareSKincare ConcernsSKincare ConcernsBody BrighteningBody LighteningBody WhiteningAcnes And PronesDark Spots RemoverMoisturizersSkincare IngredientsSkincare IngredientsAHAAloe VeraArgan OilGlycolic AcidHyaluronic AcidLactic AcidHairHairHuman HairHuman HairHair ExtensionsClosuresHuman Hair WigsSynthetic HairSynthetic HairBraidsCrochets & DreadlocksBulks & WeavesWigsKidsKidsHair CareSkin CareMake UpBest DealsAccessoriesSalon ServicesTrack Your Order",BD 3.500,Beto Cosmetics
6224010808614,Fragrance,Melano,Melano Perfume Body Splash Folie 250ml,https://cdn.shopify.com/s/files/1/0530/0512/3742/files/MelanoPerfumeBodySplashFolie250ml.jpg?v=1747126958,,"IngredientsAvocado Hair CareJamaican Black Castor Oil Hair CareCoconut Hair CareSulfate Free Hair CareSilicone Free Hair CareHoney Hair CareVegan Hair CareSkin CareSkincare ProductsSkincare ProductsBody LotionBody CreamCleansersFace & Body SerumFace & Body OilKids Skin CareSKincare ConcernsSKincare ConcernsBody BrighteningBody LighteningBody WhiteningAcnes And PronesDark Spots RemoverMoisturizersSkincare IngredientsSkincare IngredientsAHAAloe VeraArgan OilGlycolic AcidHyaluronic AcidLactic AcidHairHuman HairHair ExtensionsClosuresHuman Hair WigsSynthetic HairBraidsCrochets & DreadlocksBulks & WeavesWigsKidsHair CareSkin CareMake UpBest DealsAccessoriesSalon ServicesTrack Your OrderLoginCloseHomeShop AllBrandsHair CareHair CareHair Care ProductsHair Care ProductsShampoo, Cleanser & Co-WashConditionerHair MaskHair Treatment & RelaxersLeave inStyling CreamStyling GelRefresh, Detangling & SprayHair & Scalp ConditionersHair Growth OilsHair Care ConcernsHair Care ConcernsLow Porosity Hair CareMedium Porosity Hair CareHigh Porosity Hair CareDamage RepairFrizzy HairAnti-DandruffIngredientsIngredientsAvocado Hair CareJamaican Black Castor Oil Hair CareCoconut Hair CareSulfate Free Hair CareSilicone Free Hair CareHoney Hair CareVegan Hair CareSkin CareSkin CareSkincare ProductsSkincare ProductsBody LotionBody CreamCleansersFace & Body SerumFace & Body OilKids Skin CareSKincare ConcernsSKincare ConcernsBody BrighteningBody LighteningBody WhiteningAcnes And PronesDark Spots RemoverMoisturizersSkincare IngredientsSkincare IngredientsAHAAloe VeraArgan OilGlycolic AcidHyaluronic AcidLactic AcidHairHairHuman HairHuman HairHair ExtensionsClosuresHuman Hair WigsSynthetic HairSynthetic HairBraidsCrochets & DreadlocksBulks & WeavesWigsKidsKidsHair CareSkin CareMake UpBest DealsAccessoriesSalon ServicesTrack Your Order",BD 3.500,Beto Cosmetics
6224010808645,Fragrance,Melano,Melano Perfume Body Splash Cashmere 250ml,https://cdn.shopify.com/s/files/1/0530/0512/3742/files/image_128_ab4325f1-6e90-46ac-a1c5-057b4f81da32.webp?v=1747126637,,"IngredientsAvocado Hair CareJamaican Black Castor Oil Hair CareCoconut Hair CareSulfate Free Hair CareSilicone Free Hair CareHoney Hair CareVegan Hair CareSkin CareSkincare ProductsSkincare ProductsBody LotionBody CreamCleansersFace & Body SerumFace & Body OilKids Skin CareSKincare ConcernsSKincare ConcernsBody BrighteningBody LighteningBody WhiteningAcnes And PronesDark Spots RemoverMoisturizersSkincare IngredientsSkincare IngredientsAHAAloe VeraArgan OilGlycolic AcidHyaluronic AcidLactic AcidHairHuman HairHair ExtensionsClosuresHuman Hair WigsSynthetic HairBraidsCrochets & DreadlocksBulks & WeavesWigsKidsHair CareSkin CareMake UpBest DealsAccessoriesSalon ServicesTrack Your OrderLoginCloseHomeShop AllBrandsHair CareHair CareHair Care ProductsHair Care ProductsShampoo, Cleanser & Co-WashConditionerHair MaskHair Treatment & RelaxersLeave inStyling CreamStyling GelRefresh, Detangling & SprayHair & Scalp ConditionersHair Growth OilsHair Care ConcernsHair Care ConcernsLow Porosity Hair CareMedium Porosity Hair CareHigh Porosity Hair CareDamage RepairFrizzy HairAnti-DandruffIngredientsIngredientsAvocado Hair CareJamaican Black Castor Oil Hair CareCoconut Hair CareSulfate Free Hair CareSilicone Free Hair CareHoney Hair CareVegan Hair CareSkin CareSkin CareSkincare ProductsSkincare ProductsBody LotionBody CreamCleansersFace & Body SerumFace & Body OilKids Skin CareSKincare ConcernsSKincare ConcernsBody BrighteningBody LighteningBody WhiteningAcnes And PronesDark Spots RemoverMoisturizersSkincare IngredientsSkincare IngredientsAHAAloe VeraArgan OilGlycolic AcidHyaluronic AcidLactic AcidHairHairHuman HairHuman HairHair ExtensionsClosuresHuman Hair WigsSynthetic HairSynthetic HairBraidsCrochets & DreadlocksBulks & WeavesWigsKidsKidsHair CareSkin CareMake UpBest DealsAccessoriesSalon ServicesTrack Your Order",BD 3.500,Beto Cosmetics
6223013790162,Cream,Melano,Melano papayatone Brightening cream 150ml,https://cdn.shopify.com/s/files/1/0530/0512/3742/files/image_128_0ec25c1a-1e81-44c4-956f-ae5221e64fbf.png?v=1747062185,,"IngredientsAvocado Hair CareJamaican Black Castor Oil Hair CareCoconut Hair CareSulfate Free Hair CareSilicone Free Hair CareHoney Hair CareVegan Hair CareSkin CareSkincare ProductsSkincare ProductsBody LotionBody CreamCleansersFace & Body SerumFace & Body OilKids Skin CareSKincare ConcernsSKincare ConcernsBody BrighteningBody LighteningBody WhiteningAcnes And PronesDark Spots RemoverMoisturizersSkincare IngredientsSkincare IngredientsAHAAloe VeraArgan OilGlycolic AcidHyaluronic AcidLactic AcidHairHuman HairHair ExtensionsClosuresHuman Hair WigsSynthetic HairBraidsCrochets & DreadlocksBulks & WeavesWigsKidsHair CareSkin CareMake UpBest DealsAccessoriesSalon ServicesTrack Your OrderLoginCloseHomeShop AllBrandsHair CareHair CareHair Care ProductsHair Care ProductsShampoo, Cleanser & Co-WashConditionerHair MaskHair Treatment & RelaxersLeave inStyling CreamStyling GelRefresh, Detangling & SprayHair & Scalp ConditionersHair Growth OilsHair Care ConcernsHair Care ConcernsLow Porosity Hair CareMedium Porosity Hair CareHigh Porosity Hair CareDamage RepairFrizzy HairAnti-DandruffIngredientsIngredientsAvocado Hair CareJamaican Black Castor Oil Hair CareCoconut Hair CareSulfate Free Hair CareSilicone Free Hair CareHoney Hair CareVegan Hair CareSkin CareSkin CareSkincare ProductsSkincare ProductsBody LotionBody CreamCleansersFace & Body SerumFace & Body OilKids Skin CareSKincare ConcernsSKincare ConcernsBody BrighteningBody LighteningBody WhiteningAcnes And PronesDark Spots RemoverMoisturizersSkincare IngredientsSkincare IngredientsAHAAloe VeraArgan OilGlycolic AcidHyaluronic AcidLactic AcidHairHairHuman HairHuman HairHair ExtensionsClosuresHuman Hair WigsSynthetic HairSynthetic HairBraidsCrochets & DreadlocksBulks & WeavesWigsKidsKidsHair CareSkin CareMake UpBest DealsAccessoriesSalon ServicesTrack Your Order",BD 3.000,Beto Cosmetics
6224010808096,Soap,Melano,Melanotone black spot corrector soap 100g,https://cdn.shopify.com/s/files/1/0530/0512/3742/files/image_128_ff7893d7-f62a-4a44-ae39-8345355d22c8.png?v=1747061986,,"IngredientsAvocado Hair CareJamaican Black Castor Oil Hair CareCoconut Hair CareSulfate Free Hair CareSilicone Free Hair CareHoney Hair CareVegan Hair CareSkin CareSkincare ProductsSkincare ProductsBody LotionBody CreamCleansersFace & Body SerumFace & Body OilKids Skin CareSKincare ConcernsSKincare ConcernsBody BrighteningBody LighteningBody WhiteningAcnes And PronesDark Spots RemoverMoisturizersSkincare IngredientsSkincare IngredientsAHAAloe VeraArgan OilGlycolic AcidHyaluronic AcidLactic AcidHairHuman HairHair ExtensionsClosuresHuman Hair WigsSynthetic HairBraidsCrochets & DreadlocksBulks & WeavesWigsKidsHair CareSkin CareMake UpBest DealsAccessoriesSalon ServicesTrack Your OrderLoginCloseHomeShop AllBrandsHair CareHair CareHair Care ProductsHair Care ProductsShampoo, Cleanser & Co-WashConditionerHair MaskHair Treatment & RelaxersLeave inStyling CreamStyling GelRefresh, Detangling & SprayHair & Scalp ConditionersHair Growth OilsHair Care ConcernsHair Care ConcernsLow Porosity Hair CareMedium Porosity Hair CareHigh Porosity Hair CareDamage RepairFrizzy HairAnti-DandruffIngredientsIngredientsAvocado Hair CareJamaican Black Castor Oil Hair CareCoconut Hair CareSulfate Free Hair CareSilicone Free Hair CareHoney Hair CareVegan Hair CareSkin CareSkin CareSkincare ProductsSkincare ProductsBody LotionBody CreamCleansersFace & Body SerumFace & Body OilKids Skin CareSKincare ConcernsSKincare ConcernsBody BrighteningBody LighteningBody WhiteningAcnes And PronesDark Spots RemoverMoisturizersSkincare IngredientsSkincare IngredientsAHAAloe VeraArgan OilGlycolic AcidHyaluronic AcidLactic AcidHairHairHuman HairHuman HairHair ExtensionsClosuresHuman Hair WigsSynthetic HairSynthetic HairBraidsCrochets & DreadlocksBulks & WeavesWigsKidsKidsHair CareSkin CareMake UpBest DealsAccessoriesSalon ServicesTrack Your Order",BD 2.500,Beto Cosmetics
6224009517909,Serum,Melano,Melanotone black spot corrector serum 60ml,https://cdn.shopify.com/s/files/1/0530/0512/3742/files/img_x500_607a9c3805ec56-85607106-38144576.jpg?v=1747061492,,"IngredientsAvocado Hair CareJamaican Black Castor Oil Hair CareCoconut Hair CareSulfate Free Hair CareSilicone Free Hair CareHoney Hair CareVegan Hair CareSkin CareSkincare ProductsSkincare ProductsBody LotionBody CreamCleansersFace & Body SerumFace & Body OilKids Skin CareSKincare ConcernsSKincare ConcernsBody BrighteningBody LighteningBody WhiteningAcnes And PronesDark Spots RemoverMoisturizersSkincare IngredientsSkincare IngredientsAHAAloe VeraArgan OilGlycolic AcidHyaluronic AcidLactic AcidHairHuman HairHair ExtensionsClosuresHuman Hair WigsSynthetic HairBraidsCrochets & DreadlocksBulks & WeavesWigsKidsHair CareSkin CareMake UpBest DealsAccessoriesSalon ServicesTrack Your OrderLoginCloseHomeShop AllBrandsHair CareHair CareHair Care ProductsHair Care ProductsShampoo, Cleanser & Co-WashConditionerHair MaskHair Treatment & RelaxersLeave inStyling CreamStyling GelRefresh, Detangling & SprayHair & Scalp ConditionersHair Growth OilsHair Care ConcernsHair Care ConcernsLow Porosity Hair CareMedium Porosity Hair CareHigh Porosity Hair CareDamage RepairFrizzy HairAnti-DandruffIngredientsIngredientsAvocado Hair CareJamaican Black Castor Oil Hair CareCoconut Hair CareSulfate Free Hair CareSilicone Free Hair CareHoney Hair CareVegan Hair CareSkin CareSkin CareSkincare ProductsSkincare ProductsBody LotionBody CreamCleansersFace & Body SerumFace & Body OilKids Skin CareSKincare ConcernsSKincare ConcernsBody BrighteningBody LighteningBody WhiteningAcnes And PronesDark Spots RemoverMoisturizersSkincare IngredientsSkincare IngredientsAHAAloe VeraArgan OilGlycolic AcidHyaluronic AcidLactic AcidHairHairHuman HairHuman HairHair ExtensionsClosuresHuman Hair WigsSynthetic HairSynthetic HairBraidsCrochets & DreadlocksBulks & WeavesWigsKidsKidsHair CareSkin CareMake UpBest DealsAccessoriesSalon ServicesTrack Your Order",BD 2.500,Beto Cosmetics
